Miasto,Województwo
Białystok,Podlaskie
Bielsko,Śląskie
Bydgoszcz,Kujawsko-Pomorskie
Częstochowa,Śląskie
Elbląg,Warmińsko-Mazurskie
Gdańsk,Pomorskie
Gdynia,Pomorskie
Gliwice,Śląskie
Gorzów,Lubuskie
Katowice,Śląskie
Kielce,Świętokrzyskie
Koszalin,Zachodniopomorskie
Kraków,Małopolskie
Legnica,Dolnośląskie
Lublin,Lubelskie
Lubusz,Lubuskie
Łódź,Łódzkie
Olsztyn,Warmińsko-Mazurskie
Opole,Opolskie
Poznań,Wielkopolskie
Radom,Mazowieckie
Rzeszów,Podkarpackie
Siedlce,Mazowieckie
Sopot,Pomorskie
Suwałki,Podlaskie
Szczecin,Zachodniopomorskie
Tarnów,Małopolskie
Toruń,Kujawsko-Pomorskie
Wałbrzych,Dolnośląskie
Warszawa,Mazowieckie
Włocławek,Kujawsko-Pomorskie
Wrocław,Dolnośląskie
Zabrze,Śląskie
Zamość,Lubelskie
